1,sample_document_1.json,http://dummy.local,de1c95ba645997c0f5e79a43010bca6357b45b7a41e530acef4b185f,2020-05-17T21:56:05.880Z
2,sample_document_2.json,http://dummy.local,c1947eed8936a8c4ae9791fff95df02cbbe59a9c8d12d43bb463944b,2020-05-17T21:56:05.880Z
3,sample_document_3.json,http://dummy.local,9deafd80d4bd4b4ec14b86b724afa77faaa806ca32abb3ca5ddbb56e,2020-05-17T21:56:05.880Z
4,sample_document_4.json,http://dummy.local,fbd0c01144c969fe44bddd091b8726dd30b9a6226b15ed123ef4d808,2020-05-17T21:56:05.880Z
5,sample_document_5.json,http://dummy.local,11fe1497a37ed430a0412d02def3db8c9e84a5db0b5426919c423942,2020-05-17T21:56:05.880Z
6,sample_document_6.json,http://dummy.local,034b72148f75adacbd9514a805e343d196a5dd1f24933581f375f745,2020-05-17T21:56:05.880Z
7,sample_document_7.json,http://dummy.local,4e33d579cf3dd7803de59c8a3d49916651246fb8ae64de1f67f26786,2020-05-17T21:56:05.880Z
8,sample_document_8.json,http://dummy.local,800a00a9898e78b8041dd42d5cd166b89461a6e5484e7e6e31b852f8,2020-05-17T21:56:05.880Z
9,sample_document_9.json,http://dummy.local,73921128071545582abded88552f76624e027ace707a6a8fef1504eb,2020-05-17T21:56:05.880Z
10,sample_document_10.json,http://dummy.local,0381d0ae0fc3fcc9298de2520e0a5e17ced8cc29db113c6012e6cbdd,2020-05-17T21:56:05.880Z
11,sample_document_11.json,http://dummy.local,e2e76442741b998d0542d184aecdb40caf2aedc0df165a180e80a65e,2020-05-17T21:56:05.880Z
12,sample_document_12.json,http://dummy.local,35d751f9b97b3aa386e4eede85a24bf3ce135e0eb7f9deaf2e2a40bf,2020-05-17T21:56:05.880Z
13,sample_document_13.json,http://dummy.local,3649311fd0ef6d139c316908bc44eb6bbb44ef44b1c54f5784a2f2f7,2020-05-17T21:56:05.880Z
14,sample_document_14.json,http://dummy.local,6c8570caa314f9a3a3f6c5ef4bb3059b4c38684721f20bfbe7b1387c,2020-05-17T21:56:05.880Z
15,sample_document_15.json,http://dummy.local,90d020021567f68358d8aca7f85ee12422e54bf1bdc2abd3efa5daa5,2020-05-17T21:56:05.880Z
16,sample_document_16.json,http://dummy.local,61b46aceb08ae2f317755cfe7c6fbfad915f9aebc1bd591d2a6f434e,2020-05-17T21:56:05.880Z
17,sample_document_17.json,http://dummy.local,c10fc769c692e8880ff2ce4324fc87c4b301a0500f86226ed83d999e,2020-05-17T21:56:05.880Z
18,sample_document_18.json,http://dummy.local,9adec763e17fe2b517706febbd47c1193a58cc3cd08a15e17572a148,2020-05-17T21:56:05.880Z
19,sample_document_19.json,http://dummy.local,3215789aae998ebb2122da05a48e79b8a4b18fb1d115d77b2f5150e6,2020-05-17T21:56:05.880Z
20,sample_document_20.json,http://dummy.local,50acbd70396a0898a0fc6f5d757c5b6279131b89f96a1c8cd5db1372,2020-05-17T21:56:05.880Z
21,sample_document_21.json,http://dummy.local,3c3aa31f1e75f1aeeffbe5782d8b6176ab625c84a4945c19d318033a,2020-05-17T21:56:05.880Z
22,sample_document_22.json,http://dummy.local,1c75bc35bb9c11556788494ee618459dbbbe82833105c6232d192b1c,2020-05-17T21:56:05.880Z
23,sample_document_23.json,http://dummy.local,95a029ae2b06135fa38bd998cd1a237bdd0eda86cdca4f7f83571ad1,2020-05-17T21:56:05.880Z
24,sample_document_24.json,http://dummy.local,6957e784e7f008287935d049a084085588f59da2e8519d61ec53c73f,2020-05-17T21:56:05.880Z
25,sample_document_25.json,http://dummy.local,9985e1fff436751c129a29e2a3c24b8f8e4c4d3906bf3636120b4453,2020-05-17T21:56:05.880Z
26,sample_document_26.json,http://dummy.local,0da655fee3920e229e4be3eaf24e6f06a263b9765da3f46026c9f420,2020-05-17T21:56:05.880Z
27,sample_document_27.json,http://dummy.local,f3d2043e64ead41e49bb0da5eda00c721b99ab7b43bfad124b83885b,2020-05-17T21:56:05.880Z
28,sample_document_28.json,http://dummy.local,97b5215b79ffce39668115b6f7604305681e69095dc7ef3922c81bc9,2020-05-17T21:56:05.880Z
29,sample_document_29.json,http://dummy.local,917077137e688f61a7b8b4ae6f87ee2efc42abcf436eac7216267128,2020-05-17T21:56:05.880Z
30,sample_document_30.json,http://dummy.local,f87fd054bc32cff7f24a263ddf4be3e3c90ebd73fbceffff7f0f8aa5,2020-05-17T21:56:05.880Z
31,sample_document_31.json,http://dummy.local,59901817f8a125e75ce871db5f6a808e4984c175e93f910c321749b5,2020-05-17T21:56:05.880Z
32,sample_document_32.json,http://dummy.local,377086f104629697df5ead0c6d02a5b688e6c9f80e963c353768edb0,2020-05-17T21:56:05.880Z
33,sample_document_33.json,http://dummy.local,377086f104629697df5ead0c6d02a5b688e6c9f80e963c353768edb0,2020-05-17T21:56:05.880Z
34,sample_document_34.json,http://dummy.local,169c557672b950b31be079e3a9a755e9344f0753c80f4d71109479e8,2020-05-17T21:56:05.880Z
35,sample_document_35.json,http://dummy.local,8b01ce9c794b0c925724cc1c99e9e6b3f67ef9a682791ed91e3be7fe,2020-05-17T21:56:05.880Z
36,sample_document_36.json,http://dummy.local,b36d1020bd41edbc377c86543d9bc15eebe45f012ff44d60ef143104,2020-05-17T21:56:05.880Z
37,sample_document_37.json,http://dummy.local,745c4327225c38d7c89fb7af5c971148ca286d43eb33044bd2265b36,2020-05-17T21:56:05.880Z
38,sample_document_38.json,http://dummy.local,37981d13761e2483121285587684df333f3c975450110b1c4d8c20fa,2020-05-17T21:56:05.880Z
39,sample_document_39.json,http://dummy.local,5636d14211e2f4050f512b23c621c3f5149f7da9b89cdc8d24309066,2020-05-17T21:56:05.880Z
40,sample_document_40.json,http://dummy.local,274781cba624ace1f530bc67270b8982d97888e12bdee2e9e739f792,2020-05-17T21:56:05.880Z
41,sample_document_41.json,http://dummy.local,ae58d8f9bbabba16f8665ac6d779830e987bdc49ecf83fa30d8753da,2020-05-17T21:56:05.880Z
42,sample_document_42.json,http://dummy.local,2dc2e620ae5afac6bcf95261bb223cccaa49fa4c2307878caad65678,2020-05-17T21:56:05.880Z
43,sample_document_43.json,http://dummy.local,ae202d2fda46a6620c6b2390c0294f5b2ae9d8b560330a71ad8a3f4d,2020-05-17T21:56:05.880Z
44,sample_document_44.json,http://dummy.local,1a25b644e351e26d4181c4e6642314e1b7524082ab26c39db1663377,2020-05-17T21:56:05.880Z
45,sample_document_45.json,http://dummy.local,fbdef468ffe6862267bfda699d8b3649a696a1d5312385127a54c47d,2020-05-17T21:56:05.880Z
46,sample_document_46.json,http://dummy.local,72ad01a143b57d8da678bc3678dfe067f387f026b7f8fba231c0306c,2020-05-17T21:56:05.880Z
47,sample_document_47.json,http://dummy.local,1ab1ef023d9deab84c9c2c41b010bebc03ee8474c59da6359246699f,2020-05-17T21:56:05.880Z
48,sample_document_48.json,http://dummy.local,8bd1d3108cea9a09b16ecbeaf6ae4b1f4da4a82c1129785617177ae7,2020-05-17T21:56:05.880Z
49,sample_document_49.json,http://dummy.local,0fc73703318989beb36cc9298588221582699eaf4298893b3278f420,2020-05-17T21:56:05.880Z
50,sample_document_50.json,http://dummy.local,a06d7f569f16410b27a7767c996beea0dcd42e0ddf6440c9fe0062b5,2020-05-17T21:56:05.880Z
51,sample_document_51.json,http://dummy.local,18bb1a4188104871eaae2d24f77c53c03f9d23c060bbf9a588034a3b,2020-05-17T21:56:05.880Z
52,sample_document_52.json,http://dummy.local,f49f62bac43843374d33c1cc836400d8cf723c885b9476c2aa39261f,2020-05-17T21:56:05.880Z
53,sample_document_53.json,http://dummy.local,531b26007c5371952a8c6e20a88bf933fbedbff5766659443e637310,2020-05-17T21:56:05.880Z
54,sample_document_54.json,http://dummy.local,a4de6a3a260be387f411d734543ef4104439d4983bba48f049f84ae8,2020-05-17T21:56:05.880Z
55,sample_document_55.json,http://dummy.local,7dab7e1d571ad4953a8a313225d7603f44998b051f882e84818b4fe4,2020-05-17T21:56:05.880Z
56,sample_document_56.json,http://dummy.local,8e520a555357f549cd50eb7c076e4d007c72226084a041595abc9e31,2020-05-17T21:56:05.880Z
